contention_mode,prediction_accuracy,p95_reduction_pct,mean_tool_cost_multiplier,wasted_call_rate,baseline_p50_ms,candidate_p50_ms,p50_speedup,baseline_p90_ms,candidate_p90_ms,p90_speedup,baseline_p95_ms,candidate_p95_ms,p95_speedup,baseline_p99_ms,candidate_p99_ms,p99_speedup,baseline_mean_ms,candidate_mean_ms,mean_speedup,baseline_success_rate,candidate_success_rate,success_rate_delta,cost_multiplier,rate_limit_error_rate,input_tokens_baseline,input_tokens_candidate,token_reduction_pct,deopt_rate,tool_start_p50_ms,tool_start_p95_ms,tool_start_speedup_p95,semantic_mutation_rate,p95_reduction_ci,extra_metrics
no_contention,0.0,0.0,2.0,1.0,1494.7692132619422,1494.7692132619422,1.0,1969.2779451325168,1969.2779451325168,1.0,2136.971164737112,2136.971164737112,1.0,2448.177153311599,2448.177153311599,1.0,1524.6997887152922,1524.6997887152922,1.0,1.0,1.0,0.0,2.0,0.0,0.0,0.0,0.0,0.0,0.0,0.0,1.0,0.0,[0.0, 0.0],{'contention_mode': 'no_contention', 'accuracy': 0.0}
no_contention,0.05,0.0,1.92,0.92,1532.8914268458552,1487.484229815645,1.0305261703754922,1918.621673372291,1899.651046767213,1.0099863744119542,1998.7098938211352,1998.7098938211352,1.0,2371.4352670733388,2371.4352670733388,1.0,1507.7300795142319,1476.5052540717245,1.0211477916224134,1.0,1.0,0.0,1.92,0.0,0.0,0.0,0.0,0.0,0.0,0.0,1.0,0.0,[0.0, 0.0],{'contention_mode': 'no_contention', 'accuracy': 0.05}
no_contention,0.1,0.0,1.95,0.95,1513.8803633901425,1506.079810740318,1.0051793753519545,2119.3190843650805,2119.3190843650805,1.0,2395.768646437184,2395.768646437184,1.0,3581.1616515237615,3087.451090698776,1.1599087876443883,1611.0739464120602,1588.5485343686823,1.014179870212357,1.0,1.0,0.0,1.95,0.0,0.0,0.0,0.0,0.0,0.0,0.0,1.0,0.0,[0.0, 0.0],{'contention_mode': 'no_contention', 'accuracy': 0.1}
no_contention,0.15000000000000002,0.0,1.83,0.83,1347.8240416982942,1304.1527899455211,1.0334863001401833,2005.004530128922,1985.2176176680357,1.0099671251578601,2162.365022494237,2162.365022494237,1.0,2599.0648583393645,2599.0648583393645,1.0,1447.522514095538,1391.2066982656968,1.0404798337299883,1.0,1.0,0.0,1.83,0.0,0.0,0.0,0.0,0.0,0.0,0.0,1.0,0.0,[0.0, 0.0],{'contention_mode': 'no_contention', 'accuracy': 0.15000000000000002}
no_contention,0.2,0.0,1.78,0.78,1495.6674405644835,1376.701084049654,1.086414079202206,2097.6918661765953,1951.122265299357,1.0751206643909372,2297.785003886337,2297.785003886337,1.0,3694.062323043572,3318.7979851674154,1.1130723652217798,1549.8925828961405,1465.8340154602004,1.0573452154537086,1.0,1.0,0.0,1.78,0.0,0.0,0.0,0.0,0.0,0.0,0.0,1.0,0.0,[0.0, 0.0],{'contention_mode': 'no_contention', 'accuracy': 0.2}
no_contention,0.25,0.0,1.71,0.71,1387.1701723992603,1304.0863836260562,1.0637103414439362,1997.9127523826392,1848.3735047336681,1.0809031547281989,2293.8120322514746,2293.8120322514746,1.0,2640.42777648412,2640.42777648412,1.0,1455.1219698891293,1351.0612027642894,1.0770215049562004,1.0,1.0,0.0,1.71,0.0,0.0,0.0,0.0,0.0,0.0,0.0,1.0,0.0,[0.0, 0.0],{'contention_mode': 'no_contention', 'accuracy': 0.25}
no_contention,0.30000000000000004,3.7454734677758346,1.71,0.71,1419.42403421138,1359.1441207756266,1.044351377101461,2040.4126082110447,1970.4088897427077,1.0355275084439342,2283.6189001417774,2198.086560131853,1.038912180057547,2651.0307186208715,2494.9635266356804,1.0625528951902712,1501.1809527199355,1398.6172184966563,1.0733322404921646,1.0,1.0,0.0,1.71,0.0,0.0,0.0,0.0,0.0,0.0,0.0,1.0,0.0,[0.0, 0.0],{'contention_mode': 'no_contention', 'accuracy': 0.30000000000000004}
no_contention,0.35000000000000003,1.9712020564955322,1.61,0.61,1451.3054604995139,1238.1839963608436,1.1721242277117596,2093.995772103545,1933.9456578350519,1.0827583306801187,2219.5029210304515,2175.752033807121,1.0201083977142265,2434.5232642128194,2434.5232642128194,1.0,1485.8173465399855,1345.5622926677177,1.1042352737116299,1.0,1.0,0.0,1.61,0.0,0.0,0.0,0.0,0.0,0.0,0.0,1.0,0.0,[0.0, 0.0],{'contention_mode': 'no_contention', 'accuracy': 0.35000000000000003}
no_contention,0.4,0.0,1.61,0.61,1407.1608498931869,1316.7015658053251,1.0687014327597726,2085.3540466622085,1980.2942243507428,1.053052632795468,2158.164353198861,2158.164353198861,1.0,2326.029919644165,2326.029919644165,1.0,1486.3474230653242,1365.1619581429009,1.0887700277608658,1.0,1.0,0.0,1.61,0.0,0.0,0.0,0.0,0.0,0.0,0.0,1.0,0.0,[0.0, 0.0],{'contention_mode': 'no_contention', 'accuracy': 0.4}
no_contention,0.45,16.7906850023022,1.53,0.53,1366.4766340239264,1236.7046928810005,1.104933653029659,1938.3279824365572,1834.2911354059086,1.0567177396338594,2325.188624232529,1934.773526628281,1.2017885257529972,2546.2114439818556,2082.7373290635173,1.2225312373532649,1474.8109141728687,1290.7139142061246,1.142631917065817,1.0,1.0,0.0,1.53,0.0,0.0,0.0,0.0,0.0,0.0,0.0,1.0,0.0,[0.0, 13.107301188214633],{'contention_mode': 'no_contention', 'accuracy': 0.45}
no_contention,0.5,16.356735239583347,1.5,0.5,1404.768521093576,1224.7055671753396,1.147025504532925,2087.0386695604166,1691.329372538308,1.2339634747951176,2155.0395816621212,1802.5454629814235,1.1955535246792999,2466.0217419774094,2136.2603081305556,1.1543638818695408,1439.734609954198,1254.7910310236778,1.147389943311629,1.0,1.0,0.0,1.5,0.0,0.0,0.0,0.0,0.0,0.0,0.0,1.0,0.0,[0.0, 17.702613497915337],{'contention_mode': 'no_contention', 'accuracy': 0.5}
no_contention,0.55,10.935527142058273,1.44,0.44,1396.9292214820234,1161.8547850122716,1.2023268652005155,2027.2816088199488,1883.682477933533,1.076233193528428,2203.5850602307346,1962.6114178708615,1.122782146361552,2716.8412396831077,2183.0599807680906,1.2445105785536918,1470.7190637245012,1251.4092041173253,1.1752503169112176,1.0,1.0,0.0,1.44,0.0,0.0,0.0,0.0,0.0,0.0,0.0,1.0,0.0,[0.0, 20.16457722041682],{'contention_mode': 'no_contention', 'accuracy': 0.55}
no_contention,0.6000000000000001,3.413752591052588,1.28,0.28,1391.1313018229976,1169.4648762426941,1.1895451758179199,2068.5821557268937,1908.010540108803,1.084156566351533,2176.522853875115,2102.2217485561014,1.0353440855466587,3331.2127688575683,3327.5106393937076,1.0011125823070353,1536.0850757527649,1266.5473506508279,1.212812987183963,1.0,1.0,0.0,1.28,0.0,0.0,0.0,0.0,0.0,0.0,0.0,1.0,0.0,[18.378774066723118, 23.30935618257745],{'contention_mode': 'no_contention', 'accuracy': 0.6000000000000001}
no_contention,0.65,7.844586125972336,1.33,0.33,1397.3105704806926,1160.1690745544154,1.2044025316028664,2367.0372329995985,1743.8345985030544,1.357374853688254,2568.735622251525,2367.2289440154727,1.085123443064295,2843.150553579741,2574.0116304476464,1.1045601037495267,1514.3994883918901,1251.4363966651674,1.210129010493436,1.0,1.0,0.0,1.33,0.0,0.0,0.0,0.0,0.0,0.0,0.0,1.0,0.0,[16.23745370664951, 22.979797219988292],{'contention_mode': 'no_contention', 'accuracy': 0.65}
no_contention,0.7000000000000001,9.872364091786407,1.36,0.36,1376.684556409199,1134.9368472533656,1.2130054282235012,2149.1069397582987,1821.4473467835326,1.1798896869313162,2282.65402605368,2057.3021096458397,1.1095375906879492,2454.2439152817597,2362.6932208204344,1.038748447599784,1486.5903235293868,1253.5941321640546,1.1858625414615778,1.0,1.0,0.0,1.36,0.0,0.0,0.0,0.0,0.0,0.0,0.0,1.0,0.0,[11.400850050130948, 20.142940692468763],{'contention_mode': 'no_contention', 'accuracy': 0.7000000000000001}
no_contention,0.75,16.584927564303833,1.2,0.2,1465.919563124478,1120.9810707639936,1.3077112552180699,1984.7544004083763,1671.1938966180533,1.1876266448943276,2190.2195167511804,1826.9731963987517,1.1988241103199782,2366.0790528425146,2312.7024897235237,1.0230797360906425,1482.3759365887215,1189.9973422717746,1.2456968464810005,1.0,1.0,0.0,1.2,0.0,0.0,0.0,0.0,0.0,0.0,0.0,1.0,0.0,[19.375123181494754, 24.28638488155935],{'contention_mode': 'no_contention', 'accuracy': 0.75}
no_contention,0.8,20.74583225777822,1.22,0.22,1480.0646300237017,1191.2138244653065,1.2424844302726674,2091.0929975937615,1676.7520969126656,1.2471092187354378,2299.8365235730444,1822.7162961894626,1.2617632971082997,3023.1340709011806,2134.560367184746,1.416279491260473,1546.174792324225,1231.2372068714278,1.2557895291785839,1.0,1.0,0.0,1.22,0.0,0.0,0.0,0.0,0.0,0.0,0.0,1.0,0.0,[19.057799213423074, 26.353939356635806],{'contention_mode': 'no_contention', 'accuracy': 0.8}
no_contention,0.8500000000000001,19.5754202261881,1.15,0.15,1447.5266561040269,1099.8355897404026,1.3161300376228877,2189.4929554997043,1846.1082184297436,1.1860046630213454,2416.159734719143,1943.1863133119193,1.2434009637506656,2624.7651905440466,2172.532836026872,1.2081590423020798,1514.1155675897662,1201.80886368382,1.2598638713219792,1.0,1.0,0.0,1.15,0.0,0.0,0.0,0.0,0.0,0.0,0.0,1.0,0.0,[18.712865324742957, 24.547093944739252],{'contention_mode': 'no_contention', 'accuracy': 0.8500000000000001}
no_contention,0.9,19.809366078161062,1.12,0.12,1403.918640604403,1081.7647140033557,1.2978040625940106,1998.1007627978368,1579.036840743387,1.265392111977046,2328.804993304891,1867.483486934631,1.2470284260063222,2553.764536783441,2195.164419238639,1.1633591153364164,1466.7503023383304,1153.632087572718,1.2714194743182152,1.0,1.0,0.0,1.12,0.0,0.0,0.0,0.0,0.0,0.0,0.0,1.0,0.0,[21.033814387140218, 25.57330081679435],{'contention_mode': 'no_contention', 'accuracy': 0.9}
no_contention,0.9500000000000001,24.86847685308931,1.04,0.04,1400.3144938114374,1071.1293756917198,1.307325263959953,2024.3619818679877,1582.3644389220601,1.279327272576364,2354.683381927964,1769.1094901296678,1.3309992372237947,2795.103108264218,2656.91320157776,1.0520114494535977,1481.1337551016236,1140.5316460771612,1.298634509788446,1.0,1.0,0.0,1.04,0.0,0.0,0.0,0.0,0.0,0.0,0.0,1.0,0.0,[22.011229448360098, 25.672801244417613],{'contention_mode': 'no_contention', 'accuracy': 0.9500000000000001}
no_contention,1.0,25.105836323980636,1.0,0.0,1420.7885404540116,1050.0566038527654,1.3530590020014088,1981.8903941526814,1477.9087149190104,1.341010019188695,2069.9869695332186,1550.2994290344818,1.3352175268634365,2445.680240077687,1825.998390414967,1.3393660437575163,1457.1768694523719,1103.754117573331,1.3202006191886846,1.0,1.0,0.0,1.0,0.0,0.0,0.0,0.0,0.0,0.0,0.0,1.0,0.0,[22.285698072093094, 27.446262047653992],{'contention_mode': 'no_contention', 'accuracy': 1.0}
cancellable,0.0,0.0,1.3000000000000003,1.0,1513.8803633901425,1539.0505104886429,0.9836456653456365,2119.3190843650805,2149.3190843650805,0.9860420910891124,2395.768646437184,2395.768646437184,1.0,3581.1616515237615,3581.4616515237617,0.9999162353169766,1611.0739464120602,1631.5950126659181,0.9874226961381012,1.0,1.0,0.0,1.3000000000000003,0.0,0.0,0.0,0.0,0.0,0.0,0.0,1.0,0.0,[-1.990147075304791, -1.5590035210548088],{'contention_mode': 'cancellable', 'accuracy': 0.0}
cancellable,0.05,-0.01082947338002682,1.2820000000000003,0.94,1347.8240416982942,1339.6138796877149,1.0061287525719673,2005.004530128922,2015.4831661412097,0.9948009310182679,2162.365022494237,2162.599195238727,0.9998917169926792,2599.0648583393645,2599.0648583393645,1.0,1447.522514095538,1445.8841510433965,1.0011331219385449,1.0,1.0,0.0,1.2820000000000003,0.0,0.0,0.0,0.0,0.0,0.0,0.0,1.0,0.0,[-2.279899620783183, -1.6230147702086068],{'contention_mode': 'cancellable', 'accuracy': 0.05}
cancellable,0.1,-1.240324919511477,1.2730000000000001,0.91,1495.6674405644835,1436.2470885742202,1.0413719564432682,2097.6918661765953,2115.7202380037,0.9914788489029553,2297.785003886337,2326.285003886337,0.9877487066492767,3694.062323043572,3694.062323043572,1.0,1549.8925828961405,1532.2181958188146,1.011535163285201,1.0,1.0,0.0,1.2730000000000001,0.0,0.0,0.0,0.0,0.0,0.0,0.0,1.0,0.0,[-1.9001375993415406, -1.4993509273858276],{'contention_mode': 'cancellable', 'accuracy': 0.1}
cancellable,0.15000000000000002,-0.688674287080085,1.2550000000000001,0.85,1387.1701723992603,1362.7300560432259,1.0179346718358864,1997.9127523826392,1881.6754066826377,1.0617733246059298,2293.8120322514746,2309.6089259115397,0.993160359971405,2640.42777648412,2640.72777648412,0.9998863949541972,1455.1219698891293,1414.7434762439393,1.0285412121159891,1.0,1.0,0.0,1.2550000000000001,0.0,0.0,0.0,0.0,0.0,0.0,0.0,1.0,0.0,[-2.0484577680795986, -0.19510587717369648],{'contention_mode': 'cancellable', 'accuracy': 0.15000000000000002}
cancellable,0.2,0.0,1.2430000000000003,0.81,1419.42403421138,1393.8627238076274,1.0183384704728502,2040.4126082110447,2070.4126082110447,0.985510134607458,2283.6189001417774,2283.6189001417774,1.0,2651.0307186208715,2651.0307186208715,1.0,1501.1809527199355,1457.3098423750382,1.0301041748770452,1.0,1.0,0.0,1.2430000000000003,0.0,0.0,0.0,0.0,0.0,0.0,0.0,1.0,0.0,[-1.9976427944020994, 0.0],{'contention_mode': 'cancellable', 'accuracy': 0.2}
cancellable,0.25,0.6055894079030981,1.2220000000000002,0.74,1451.3054604995139,1378.9598679283563,1.052463885464516,2093.995772103545,1988.4101458740486,1.053100526794528,2219.5029210304515,2206.061846432591,1.0060927913782634,2434.5232642128194,2434.5232642128194,1.0,1485.8173465399855,1402.8689313228322,1.0591277013590552,1.0,1.0,0.0,1.2220000000000002,0.0,0.0,0.0,0.0,0.0,0.0,0.0,1.0,0.0,[-1.8734690308616933, 0.0],{'contention_mode': 'cancellable', 'accuracy': 0.25}
cancellable,0.30000000000000004,-1.3900702212754827,1.213,0.71,1407.1608498931869,1372.983560017941,1.0248927160313552,2085.3540466622085,2007.5270784213847,1.0387675808099301,2158.164353198861,2188.164353198861,0.9862898781089532,2326.029919644165,2356.029919644165,0.9872667151847838,1486.3474230653242,1414.7949214795312,1.050574468779522,1.0,1.0,0.0,1.213,0.0,0.0,0.0,0.0,0.0,0.0,0.0,1.0,0.0,[-1.7384437402589483, -0.04896065032317119],{'contention_mode': 'cancellable', 'accuracy': 0.30000000000000004}
cancellable,0.35000000000000003,15.382428430736239,1.195,0.65,1366.4766340239264,1327.3993160594514,1.029439007156099,1938.3279824365572,1868.1300519756835,1.0375765757778128,2325.188624232529,1967.5181482303396,1.1817876375493115,2546.2114439818556,2344.589530112,1.0859945467129268,1474.8109141728687,1347.7791379026112,1.0942526655130915,1.0,1.0,0.0,1.195,0.0,0.0,0.0,0.0,0.0,0.0,0.0,1.0,0.0,[-1.7405167618479773, 0.0],{'contention_mode': 'cancellable', 'accuracy': 0.35000000000000003}
cancellable,0.4,12.636226977244963,1.183,0.61,1404.768521093576,1261.8672219822233,1.1132459078276666,2087.0386695604166,1757.4232278680793,1.1875560971685757,2155.0395816621212,1882.7238886738253,1.144639208450323,2466.0217419774094,2174.6490872092963,1.1339860561788515,1439.734609954198,1305.4289275008625,1.1028824163644457,1.0,1.0,0.0,1.183,0.0,0.0,0.0,0.0,0.0,0.0,0.0,1.0,0.0,[-1.9278484424314526, 0.0],{'contention_mode': 'cancellable', 'accuracy': 0.4}
cancellable,0.45,8.01971128421938,1.153,0.51,1396.9292214820234,1201.4148934012123,1.1627367274658207,2027.2816088199488,1960.240292128266,1.0342005604929663,2203.5850602307346,2026.863900498038,1.0871894554386572,2716.8412396831077,2183.0599807680906,1.2445105785536918,1470.7190637245012,1290.3316716101872,1.1397992439333144,1.0,1.0,0.0,1.153,0.0,0.0,0.0,0.0,0.0,0.0,0.0,1.0,0.0,[0.0, 16.70585427437008],{'contention_mode': 'cancellable', 'accuracy': 0.45}
cancellable,0.5,2.035407312178668,1.117,0.39,1391.1313018229976,1253.2571267678704,1.1100126798486296,2068.5821557268937,1908.010540108803,1.084156566351533,2176.522853875115,2132.221748556101,1.020776969069476,3331.2127688575683,3327.5106393937076,1.0011125823070353,1536.0850757527649,1314.0046342532974,1.169010394415898,1.0,1.0,0.0,1.117,0.0,0.0,0.0,0.0,0.0,0.0,0.0,1.0,0.0,[9.956241465912868, 20.8879962746963],{'contention_mode': 'cancellable', 'accuracy': 0.5}
cancellable,0.55,6.735090864836063,1.126,0.42,1397.3105704806926,1170.9384510637763,1.1933253786407487,2367.0372329995985,2065.788148490327,1.1458276758579642,2568.735622251525,2395.7289440154727,1.072214629567432,2843.150553579741,2574.3116304476466,1.1044313827247658,1514.3994883918901,1298.5814513096118,1.1661952254628518,1.0,1.0,0.0,1.126,0.0,0.0,0.0,0.0,0.0,0.0,0.0,1.0,0.0,[0.0, 21.22946550244422],{'contention_mode': 'cancellable', 'accuracy': 0.55}
cancellable,0.6000000000000001,4.8298587993276465,1.1230000000000002,0.41,1376.684556409199,1166.383357593406,1.180301954281744,2149.1069397582987,1840.3981423641517,1.1677402244046953,2282.65402605368,2172.4050597181194,1.0507497282067029,2454.2439152817597,2442.3681656856334,1.0048623912491885,1486.5903235293868,1284.2287943664126,1.1575743590633407,1.0,1.0,0.0,1.1230000000000002,0.0,0.0,0.0,0.0,0.0,0.0,0.0,1.0,0.0,[0.0, 18.959892105846745],{'contention_mode': 'cancellable', 'accuracy': 0.6000000000000001}
cancellable,0.65,12.528725925866329,1.075,0.25,1465.919563124478,1139.2065886472951,1.286789927071195,1984.7544004083763,1785.4561001503948,1.1116231870619468,2190.2195167511804,1915.812916322591,1.1432324618393919,2366.0790528425146,2342.7024897235237,1.0099784600142503,1482.3759365887215,1214.0280141321714,1.22103931650076,1.0,1.0,0.0,1.075,0.0,0.0,0.0,0.0,0.0,0.0,0.0,1.0,0.0,[18.735566547337545, 23.684812209688857],{'contention_mode': 'cancellable', 'accuracy': 0.65}
cancellable,0.7000000000000001,12.033755897918736,1.087,0.29,1480.0646300237017,1193.5385664096677,1.2400643529064543,2091.0929975937615,1726.8004179160262,1.2109639167897461,2299.8365235730444,2023.079810275084,1.1367997010757223,3023.1340709011806,2355.0887791755886,1.283660343352086,1546.174792324225,1262.10017051193,1.2250808837915532,1.0,1.0,0.0,1.087,0.0,0.0,0.0,0.0,0.0,0.0,0.0,1.0,0.0,[16.095952285744424, 25.47879656640274],{'contention_mode': 'cancellable', 'accuracy': 0.7000000000000001}
cancellable,0.75,19.57021838626395,1.06,0.2,1447.5266561040269,1145.9947882400986,1.2631180097485348,2189.4929554997043,1870.5296377550405,1.1705203228575811,2416.159734719143,1943.3119980736312,1.243320546116237,2624.7651905440466,2246.3503776479192,1.1684576086889675,1514.1155675897662,1226.5056921849382,1.2344953449767282,1.0,1.0,0.0,1.06,0.0,0.0,0.0,0.0,0.0,0.0,0.0,1.0,0.0,[17.988095659577528, 24.406710081473122],{'contention_mode': 'cancellable', 'accuracy': 0.75}
cancellable,0.8,14.160147468505535,1.0719999999999998,0.24,1403.918640604403,1102.993310242674,1.2728260702646703,1998.1007627978368,1845.716091004921,1.0825612739334944,2328.804993304891,1999.042771998998,1.1649600628485492,2553.764536783441,2511.0888713532863,1.0169948845367451,1466.7503023383304,1205.1430236834976,1.2170757109436148,1.0,1.0,0.0,1.0719999999999998,0.0,0.0,0.0,0.0,0.0,0.0,0.0,1.0,0.0,[18.337921631012833, 24.90374774433349],{'contention_mode': 'cancellable', 'accuracy': 0.8}
cancellable,0.8500000000000001,24.86847685308931,1.045,0.15,1400.3144938114374,1106.8515117848397,1.2651331085534478,2024.3619818679877,1656.3758390476974,1.2221634330478142,2354.683381927964,1769.1094901296678,1.3309992372237947,2795.103108264218,2657.21320157776,1.0518926771117136,1481.1337551016236,1177.3864281834099,1.2579843963267572,1.0,1.0,0.0,1.045,0.0,0.0,0.0,0.0,0.0,0.0,0.0,1.0,0.0,[19.978816306070346, 25.331939483014818],{'contention_mode': 'cancellable', 'accuracy': 0.8500000000000001}
cancellable,0.9,17.492025289696443,1.036,0.12,1420.7885404540116,1091.6273394293005,1.3015325735582948,1981.8903941526814,1515.7683422440134,1.3075153629469523,2069.9869695332186,1707.904325329047,1.212004055985052,2445.680240077687,2362.5696030004547,1.0351780692393917,1457.1768694523719,1151.142531813014,1.2658526891169273,1.0,1.0,0.0,1.036,0.0,0.0,0.0,0.0,0.0,0.0,0.0,1.0,0.0,[20.412582851197328, 25.471195824272673],{'contention_mode': 'cancellable', 'accuracy': 0.9}
cancellable,0.9500000000000001,18.411872780757665,1.015,0.05,1416.6642678058006,1075.2842835454962,1.31747881884285,2128.0701243602207,1620.6179680106952,1.3131226275199341,2253.6038535105586,1838.6731790199422,1.2256685305605994,2430.027848849892,2329.11997977621,1.043324461577706,1491.7861186381133,1148.887964470286,1.2984609159222293,1.0,1.0,0.0,1.015,0.0,0.0,0.0,0.0,0.0,0.0,0.0,1.0,0.0,[22.73603754514749, 26.849108636521052],{'contention_mode': 'cancellable', 'accuracy': 0.9500000000000001}
cancellable,1.0,21.35094274902484,1.0,0.0,1432.7414688022006,1088.5572166709635,1.3161838871307334,2048.0034594481385,1586.99480677905,1.290491594994408,2291.303062355257,1802.0882573051333,1.2714710575727863,2954.7511208148076,2184.9853734204944,1.3522978948775664,1526.832368075828,1138.362953323353,1.3412526853745301,1.0,1.0,0.0,1.0,0.0,0.0,0.0,0.0,0.0,0.0,0.0,1.0,0.0,[24.131185410226532, 27.659708334374336],{'contention_mode': 'cancellable', 'accuracy': 1.0}
single_slot,0.0,-18.195937015456522,2.0,1.0,1495.6674405644835,1763.8782659223516,0.8479425533271607,2097.6918661765953,2491.8649427341006,0.8418160351318983,2297.785003886337,2715.8885159441,0.8460527707219155,3694.062323043572,3694.062323043572,1.0,1549.8925828961405,1808.1945266085686,0.8571492503094252,1.0,1.0,0.0,2.0,0.0,0.0,0.0,0.0,0.0,0.0,0.0,1.0,0.0,[-16.7442733541678, -6.865029018724769],{'contention_mode': 'single_slot', 'accuracy': 0.0}
single_slot,0.05,-15.04159133168977,1.92,0.92,1387.1701723992603,1602.8208262296148,0.8654555454350822,1997.9127523826392,2286.570354181966,0.8737595800315552,2293.8120322514746,2638.8378640598694,0.8692508408691808,2640.42777648412,2953.6594826761807,0.8939513142834409,1455.1219698891293,1645.9764201725445,0.8840478831018683,1.0,1.0,0.0,1.92,0.0,0.0,0.0,0.0,0.0,0.0,0.0,1.0,0.0,[-14.264955189319924, -4.779671342192905],{'contention_mode': 'single_slot', 'accuracy': 0.05}
single_slot,0.1,-16.079143549224753,1.93,0.93,1419.42403421138,1671.3053989687576,0.8492906413676428,2040.4126082110447,2421.150574486131,0.8427450278031986,2283.6189001417774,2650.8052612128013,0.8614812010358588,2651.0307186208715,3399.170157049262,0.7799052698562663,1501.1809527199355,1737.38290217059,0.8640472695134983,1.0,1.0,0.0,1.93,0.0,0.0,0.0,0.0,0.0,0.0,0.0,1.0,0.0,[-17.380714262036555, -6.762729018591379],{'contention_mode': 'single_slot', 'accuracy': 0.1}
single_slot,0.15000000000000002,-11.901432648627035,1.87,0.87,1451.3054604995139,1675.8439005042314,0.8660147046290183,2093.995772103545,2307.1415521555264,0.9076147799198351,2219.5029210304515,2483.6555663112003,0.8936436078884012,2434.5232642128194,3028.2079113773693,0.8039485185498658,1485.8173465399855,1698.1851867042487,0.8749442393992284,1.0,1.0,0.0,1.87,0.0,0.0,0.0,0.0,0.0,0.0,0.0,1.0,0.0,[-21.159261122851, -1.8458498923170412],{'contention_mode': 'single_slot', 'accuracy': 0.15000000000000002}
single_slot,0.2,-18.138114306802898,1.76,0.76,1407.1608498931869,1696.9879027185775,0.8292108904482541,2085.3540466622085,2426.5629137699866,0.8593859383692364,2158.164353198861,2549.614670510744,0.8464668713121788,2326.029919644165,2951.263321000761,0.7881471988935972,1486.3474230653242,1661.2255533639795,0.8947294484216624,1.0,1.0,0.0,1.76,0.0,0.0,0.0,0.0,0.0,0.0,0.0,1.0,0.0,[-17.187325509846772, -1.6256873375133485],{'contention_mode': 'single_slot', 'accuracy': 0.2}
single_slot,0.25,-5.186039314489013,1.76,0.76,1366.4766340239264,1563.9531884787507,0.8737324391103364,1938.3279824365572,2226.827311432255,0.8704437800297409,2325.188624232529,2445.773820421254,0.9506965054651064,2546.2114439818556,2756.6216231666203,0.9236709973481744,1474.8109141728687,1615.9947482922125,0.9126334820898724,1.0,1.0,0.0,1.76,0.0,0.0,0.0,0.0,0.0,0.0,0.0,1.0,0.0,[-13.283839907062463, -0.3439541902235997],{'contention_mode': 'single_slot', 'accuracy': 0.25}
single_slot,0.30000000000000004,-7.371829710831785,1.74,0.74,1404.768521093576,1599.2031793886595,0.8784177890582912,2087.0386695604166,2074.056376449424,1.0062593733026761,2155.0395816621212,2313.9054298232745,0.9313429813882728,2466.0217419774094,2569.3909015934437,0.9597690022363167,1439.734609954198,1582.1945135668218,0.9099605627556696,1.0,1.0,0.0,1.74,0.0,0.0,0.0,0.0,0.0,0.0,0.0,1.0,0.0,[-19.61052541362284, -3.914476448625661],{'contention_mode': 'single_slot', 'accuracy': 0.30000000000000004}
single_slot,0.35000000000000003,-9.929835901198485,1.61,0.61,1396.9292214820234,1429.1635205107164,0.9774453387830849,2027.2816088199488,2174.013431420463,0.9325064783502087,2203.5850602307346,2422.3974406549723,0.9096711477844549,2716.8412396831077,2870.147139475305,0.9465860486092629,1470.7190637245012,1495.2552708180351,0.9835906232384585,1.0,1.0,0.0,1.61,0.0,0.0,0.0,0.0,0.0,0.0,0.0,1.0,0.0,[-5.564565020243505, 0.0],{'contention_mode': 'single_slot', 'accuracy': 0.35000000000000003}
single_slot,0.4,-21.375194234155455,1.47,0.47,1391.1313018229976,1352.1260041241248,1.0288473837348757,2068.5821557268937,2207.170541165663,0.937209933326866,2176.522853875115,2641.758841441704,0.8238915754654225,3331.2127688575683,3327.5106393937076,1.0011125823070353,1536.0850757527649,1455.2409363678046,1.0555537831328072,1.0,1.0,0.0,1.47,0.0,0.0,0.0,0.0,0.0,0.0,0.0,1.0,0.0,[0.0, 20.197470875989815],{'contention_mode': 'single_slot', 'accuracy': 0.4}
single_slot,0.45,-0.3382955211047911,1.53,0.53,1397.3105704806926,1426.2406562876608,0.9797158455135686,2367.0372329995985,2404.4100702489045,0.9844565460310865,2568.735622251525,2577.425539810625,0.9966284505895993,2843.150553579741,3044.737886270752,0.9337915642591098,1514.3994883918901,1484.7152202068867,1.0199932403069643,1.0,1.0,0.0,1.53,0.0,0.0,0.0,0.0,0.0,0.0,0.0,1.0,0.0,[0.0, 17.53026837102523],{'contention_mode': 'single_slot', 'accuracy': 0.45}
single_slot,0.5,-8.96071442151312,1.5,0.5,1376.684556409199,1463.851133370892,0.9404539334809479,2149.1069397582987,2325.1527652468494,0.9242863401838198,2282.65402605368,2487.196134559522,0.917761970733335,2454.2439152817597,2697.598383635058,0.9097884733955934,1486.5903235293868,1479.8116030552803,1.004580799650517,1.0,1.0,0.0,1.5,0.0,0.0,0.0,0.0,0.0,0.0,0.0,1.0,0.0,[0.0, 16.471923251204515],{'contention_mode': 'single_slot', 'accuracy': 0.5}
single_slot,0.55,-5.274531096110142,1.4,0.4,1465.919563124478,1294.5748934330402,1.132355934415702,1984.7544004083763,2153.828898436395,0.9215004970214854,2190.2195167511804,2305.7433262352947,0.9498973679465286,2366.0790528425146,2507.6135003409136,0.9435581091427537,1482.3759365887215,1371.6330216172073,1.0807380058850902,1.0,1.0,0.0,1.4,0.0,0.0,0.0,0.0,0.0,0.0,0.0,1.0,0.0,[5.706649050360074, 20.934729977882895],{'contention_mode': 'single_slot', 'accuracy': 0.55}
single_slot,0.6000000000000001,2.651531287323005,1.46,0.46,1480.0646300237017,1346.7430231085123,1.098995580171977,2091.0929975937615,2070.1100648487763,1.0101361435323093,2299.8365235730444,2238.8556385932234,1.0272375243533514,3023.1340709011806,2854.463861976902,1.0590899787420898,1546.174792324225,1420.5458328409288,1.088437103949017,1.0,1.0,0.0,1.46,0.0,0.0,0.0,0.0,0.0,0.0,0.0,1.0,0.0,[0.0, 20.887775939408893],{'contention_mode': 'single_slot', 'accuracy': 0.6000000000000001}
single_slot,0.65,6.970212104273776,1.29,0.29,1447.5266561040269,1239.945939848056,1.1674111020367612,2189.4929554997043,1944.9046287719007,1.12575851952301,2416.159734719143,2247.7482764311603,1.0749245189302854,2624.7651905440466,2525.648873872585,1.0392439019124167,1514.1155675897662,1330.5189698694314,1.1379887110804228,1.0,1.0,0.0,1.29,0.0,0.0,0.0,0.0,0.0,0.0,0.0,1.0,0.0,[16.358619733801646, 23.99801099234327],{'contention_mode': 'single_slot', 'accuracy': 0.65}
single_slot,0.7000000000000001,-8.796067186488738,1.39,0.39,1403.918640604403,1188.7400642915723,1.1810139851230352,1998.1007627978368,2099.0969108726113,0.9518859050520018,2328.804993304891,2533.648245158294,0.9191508717735974,2553.764536783441,3250.80861339189,0.785578248520403,1466.7503023383304,1368.4447206699197,1.071837451804619,1.0,1.0,0.0,1.39,0.0,0.0,0.0,0.0,0.0,0.0,0.0,1.0,0.0,[7.722826730189977, 23.426017735149152],{'contention_mode': 'single_slot', 'accuracy': 0.7000000000000001}
single_slot,0.75,16.07543712598769,1.24,0.24,1400.3144938114374,1179.0482049114025,1.1876651760109007,2024.3619818679877,1860.0994424642167,1.0883084719310274,2354.683381927964,1976.1577353500536,1.1915462717407317,2795.103108264218,2659.3283604388275,1.0510560297273652,1481.1337551016236,1280.7715211096215,1.1564387017431605,1.0,1.0,0.0,1.24,0.0,0.0,0.0,0.0,0.0,0.0,0.0,1.0,0.0,[19.506303830067704, 24.675613485229345],{'contention_mode': 'single_slot', 'accuracy': 0.75}
single_slot,0.8,5.642021646082056,1.2,0.2,1420.7885404540116,1180.5820296988823,1.2034644816814601,1981.8903941526814,1769.1582856303921,1.1202448137343957,2069.9869695332186,1953.1978566410764,1.0597937953367331,2445.680240077687,2362.5696030004547,1.0351780692393917,1457.1768694523719,1234.1982874935989,1.1806667406836193,1.0,1.0,0.0,1.2,0.0,0.0,0.0,0.0,0.0,0.0,0.0,1.0,0.0,[18.597122107713453, 23.948884716436098],{'contention_mode': 'single_slot', 'accuracy': 0.8}
single_slot,0.8500000000000001,11.949958049593313,1.14,0.14,1416.6642678058006,1090.3082246832842,1.2993245723862326,2128.0701243602207,1788.9225142797845,1.1895820570054014,2253.6038535105586,1984.2991384120285,1.1357178007515774,2430.027848849892,3115.608637120911,0.7799528541220907,1491.7861186381133,1209.2470962595157,1.233648708566311,1.0,1.0,0.0,1.14,0.0,0.0,0.0,0.0,0.0,0.0,0.0,1.0,0.0,[20.37040801052045, 25.717086778093346],{'contention_mode': 'single_slot', 'accuracy': 0.8500000000000001}
single_slot,0.9,4.920273179674909,1.08,0.08,1432.7414688022006,1094.0839253012516,1.3095352519759405,2048.0034594481385,1932.1119776553342,1.0599817625132895,2291.303062355257,2178.5646923131217,1.051748920029744,2954.7511208148076,2293.395139348019,1.2883741968925613,1526.832368075828,1198.5739899757139,1.2738741044320223,1.0,1.0,0.0,1.08,0.0,0.0,0.0,0.0,0.0,0.0,0.0,1.0,0.0,[22.982851016426032, 26.990880392935686],{'contention_mode': 'single_slot', 'accuracy': 0.9}
single_slot,0.9500000000000001,16.475429322599663,1.05,0.05,1319.108285003762,1020.6363926123424,1.292437046681702,2147.1906762599333,1664.85071498166,1.2897196468955396,2454.72503163397,2050.298543982953,1.1972524873696537,3266.0331605192614,2346.7268468701627,1.3917398034096642,1428.05642852574,1112.3918556110716,1.2837710212659406,1.0,1.0,0.0,1.05,0.0,0.0,0.0,0.0,0.0,0.0,0.0,1.0,0.0,[20.58652055925486, 25.748856894855024],{'contention_mode': 'single_slot', 'accuracy': 0.9500000000000001}
single_slot,1.0,29.68587064707725,1.0,0.0,1540.017093443827,1093.7547031324707,1.4080095738407143,2276.367488452612,1646.476859606769,1.3825687711130548,2526.175296647267,1776.2581657661392,1.4221892658028523,3057.3143957927327,2117.3373913099776,1.4439429485072286,1602.1562239185469,1200.050742403991,1.335073732556543,1.0,1.0,0.0,1.0,0.0,0.0,0.0,0.0,0.0,0.0,0.0,1.0,0.0,[22.9682404886836, 27.365226225037915],{'contention_mode': 'single_slot', 'accuracy': 1.0}
confidence_gated,0.7977329300585464,9.078798865410597,1.03,0.1,1448.73192811611,1278.2920864415287,1.133334034906722,2121.40801847318,1975.5944987647563,1.0738074133125972,2337.5550242262643,2125.333105208462,1.0998534857889897,2690.06197200811,2541.250979308074,1.0585581644283533,1541.837352886154,1368.402019662421,1.126742967879073,1.0,1.0,0.0,1.03,0.0,0.0,0.0,0.0,0.0,0.0,0.0,1.0,0.0,[0.0, 9.328177391179945],{'contention_mode': 'confidence_gated', 'threshold': 0.8}